{"ContentRoots":["C:\\TE\\2 - TiagoEduardo\\Masters\\CodigoFonte\\lupaNH20-api\\api\\TE.BE.City\\TE.BE.City.Presentation\\wwwroot\\"],"Root":{"Children":{"css":{"Children":{"site.css":{"Children":null,"Asset":{"ContentRootIndex":0,"SubPath":"css/site.css"},"Patterns":null}},"Asset":null,"Patterns":null},"images":{"Children":{"add_reverse.png":{"Children":null,"Asset":{"ContentRootIndex":0,"SubPath":"images/add_reverse.png"},"Patterns":null},"arrowDown.png":{"Children":null,"Asset":{"ContentRootIndex":0,"SubPath":"images/arrowDown.png"},"Patterns":null},"bad.png":{"Children":null,"Asset":{"ContentRootIndex":0,"SubPath":"images/bad.png"},"Patterns":null},"banner.png":{"Children":null,"Asset":{"ContentRootIndex":0,"SubPath":"images/banner.png"},"Patterns":null},"check.png":{"Children":null,"Asset":{"ContentRootIndex":0,"SubPath":"images/check.png"},"Patterns":null},"edit.png":{"Children":null,"Asset":{"ContentRootIndex":0,"SubPath":"images/edit.png"},"Patterns":null},"edit_reverse.png":{"Children":null,"Asset":{"ContentRootIndex":0,"SubPath":"images/edit_reverse.png"},"Patterns":null},"facebook.png":{"Children":null,"Asset":{"ContentRootIndex":0,"SubPath":"images/facebook.png"},"Patterns":null},"instagram.png":{"Children":null,"Asset":{"ContentRootIndex":0,"SubPath":"images/instagram.png"},"Patterns":null},"linkedin.png":{"Children":null,"Asset":{"ContentRootIndex":0,"SubPath":"images/linkedin.png"},"Patterns":null},"location.png":{"Children":null,"Asset":{"ContentRootIndex":0,"SubPath":"images/location.png"},"Patterns":null},"location_reverse.png":{"Children":null,"Asset":{"ContentRootIndex":0,"SubPath":"images/location_reverse.png"},"Patterns":null},"logo.png":{"Children":null,"Asset":{"ContentRootIndex":0,"SubPath":"images/logo.png"},"Patterns":null},"logo_reverse.png":{"Children":null,"Asset":{"ContentRootIndex":0,"SubPath":"images/logo_reverse.png"},"Patterns":null},"logo_reverse_small.png":{"Children":null,"Asset":{"ContentRootIndex":0,"SubPath":"images/logo_reverse_small.png"},"Patterns":null},"lupin.png":{"Children":null,"Asset":{"ContentRootIndex":0,"SubPath":"images/lupin.png"},"Patterns":null},"lupin_reverse.png":{"Children":null,"Asset":{"ContentRootIndex":0,"SubPath":"images/lupin_reverse.png"},"Patterns":null},"printing.png":{"Children":null,"Asset":{"ContentRootIndex":0,"SubPath":"images/printing.png"},"Patterns":null},"printing_reverso.png":{"Children":null,"Asset":{"ContentRootIndex":0,"SubPath":"images/printing_reverso.png"},"Patterns":null},"swagger.png":{"Children":null,"Asset":{"ContentRootIndex":0,"SubPath":"images/swagger.png"},"Patterns":null},"swagger_contato.JPG":{"Children":null,"Asset":{"ContentRootIndex":0,"SubPath":"images/swagger_contato.JPG"},"Patterns":null},"swagger_fiddler.JPG":{"Children":null,"Asset":{"ContentRootIndex":0,"SubPath":"images/swagger_fiddler.JPG"},"Patterns":null},"swagger_login.JPG":{"Children":null,"Asset":{"ContentRootIndex":0,"SubPath":"images/swagger_login.JPG"},"Patterns":null},"swagger_postman.JPG":{"Children":null,"Asset":{"ContentRootIndex":0,"SubPath":"images/swagger_postman.JPG"},"Patterns":null},"telephone.png":{"Children":null,"Asset":{"ContentRootIndex":0,"SubPath":"images/telephone.png"},"Patterns":null},"telephone_reverse.png":{"Children":null,"Asset":{"ContentRootIndex":0,"SubPath":"images/telephone_reverse.png"},"Patterns":null},"twitter.png":{"Children":null,"Asset":{"ContentRootIndex":0,"SubPath":"images/twitter.png"},"Patterns":null},"warning.png":{"Children":null,"Asset":{"ContentRootIndex":0,"SubPath":"images/warning.png"},"Patterns":null},"youtube.png":{"Children":null,"Asset":{"ContentRootIndex":0,"SubPath":"images/youtube.png"},"Patterns":null}},"Asset":null,"Patterns":null},"lib":{"Children":{"bootstrap":{"Children":{"dist":{"Children":{"css":{"Children":{"bootstrap-theme.css":{"Children":null,"Asset":{"ContentRootIndex":0,"SubPath":"lib/bootstrap/dist/css/bootstrap-theme.css"},"Patterns":null},"bootstrap-theme.min.css":{"Children":null,"Asset":{"ContentRootIndex":0,"SubPath":"lib/bootstrap/dist/css/bootstrap-theme.min.css"},"Patterns":null},"bootstrap.css":{"Children":null,"Asset":{"ContentRootIndex":0,"SubPath":"lib/bootstrap/dist/css/bootstrap.css"},"Patterns":null},"bootstrap.min.css":{"Children":null,"Asset":{"ContentRootIndex":0,"SubPath":"lib/bootstrap/dist/css/bootstrap.min.css"},"Patterns":null}},"Asset":null,"Patterns":null}},"Asset":null,"Patterns":null}},"Asset":null,"Patterns":null},"jquery-validation-unobtrusive":{"Children":{"LICENSE.txt":{"Children":null,"Asset":{"ContentRootIndex":0,"SubPath":"lib/jquery-validation-unobtrusive/LICENSE.txt"},"Patterns":null}},"Asset":null,"Patterns":null},"jquery":{"Children":{"LICENSE.txt":{"Children":null,"Asset":{"ContentRootIndex":0,"SubPath":"lib/jquery/LICENSE.txt"},"Patterns":null}},"Asset":null,"Patterns":null}},"Asset":null,"Patterns":null},"js":{"Children":{"site.js":{"Children":null,"Asset":{"ContentRootIndex":0,"SubPath":"js/site.js"},"Patterns":null}},"Asset":null,"Patterns":null}},"Asset":null,"Patterns":[{"ContentRootIndex":0,"Pattern":"**","Depth":0}]}}